comarca,serventia,codigo_serventia,colunas_nao_correspondentes
GOIANIA,1a VARA DA FAZENDA PUBLICA ESTADUAL,11381,
GOIANIA,2a VARA DA FAZENDA PUBLICA ESTADUAL,11382,
GOIANIA,1a VARA DA FAZ. PUB. MUN. E DE REG. PUB. - EXECUCAO FISCAL,11384,
GOIANIA,2a VARA DA FAZ. PUB. MUN. E DE REG. PUB.,11385,
GOIANIA,3a VARA DA FAZENDA PUBLICA ESTADUAL EXECUCAO FISCAL,11386,
GOIANIA,1a VARA DE FAMILIA,11387,
GOIANIA,2a VARA DE FAMILIA,11388,
ANAPOLIS,VARA DA FAZENDA PUBLICA ESTADUAL,11389,
GOIANIA,3a VARA DE FAMILIA,11390,
ANAPOLIS,1a VARA DE FAMILIA E SUCESSOES,11391,
ANAPOLIS,2a VARA DE FAMILIA E SUCESSOES,11392,
GOIANIA,4a VARA DE FAMILIA,11393,
ANAPOLIS,1a VARA CIVEL,11394,
GOIANIA,5a VARA DE FAMILIA,11395,
GOIANIA,6a VARA DE FAMILIA,11396,
GOIANIA,1a VARA CIVEL,11397,
GOIANIA,2a VARA CIVEL,11398,
ANAPOLIS,2a VARA CIVEL,11399,
ANAPOLIS,3a VARA CIVEL,11400,
GOIANIA,3a VARA CIVEL,11401,
ANAPOLIS,4a VARA CIVEL,11402,
GOIANIA,4a VARA CIVEL,11403,
GOIANIA,5a VARA CIVEL E DE ARBITRAGEM,11404,
GOIANIA,6a VARA CIVEL,11405,
ANAPOLIS,5a VARA CIVEL,11406,
GOIANIA,7a VARA CIVEL,11407,
GOIANIA,8a VARA CIVEL,11408,
ANAPOLIS,1a VARA CRIMINAL,11409,
ANAPOLIS,2a VARA CRIMINAL,11410,
GOIANIA,9a VARA CIVEL,11411,
ANAPOLIS,3a VARA CRIMINAL,11412,
GOIANIA,10a VARA CIVEL,11413,
GOIANIA,11a VARA CIVEL,11414,
GOIANIA,12a VARA CIVEL,11415,
GOIANIA,1a VARA CRIMINAL DOS CRIMES DOLOSOS CONTRA A VIDA E TRIBUNAL DO JURI,11416,
GOIANIA,2a VARA CRIMINAL DOS CRIMES DOLOSOS CONTRA A VIDA E TRIBUNAL DO JURI,11417,
GOIANIA,3a VARA CRIMINAL DOS CRIMES DOLOSOS CONTRA A VIDA E TRIBUNAL DO JURI,11418,
GOIANIA,1a VARA DE EXECUCAO PENAL,11419,
GOIANIA,VARA DE EXECUCAO DE PENAS E MEDIDAS ALTERNATIVAS,11421,
ANAPOLIS,JUIZADO DA INFANCIA E DA JUVENTUDE,11422,
GOIANIA,7a VARA CRIMINAL DOS CRIMES PUNIDOS COM RECLUSAO E DETENCAO,11423,
ANAPOLIS,1o JUIZADO ESPECIAL CIVEL,11424,
ANAPOLIS,2o JUIZADO ESPECIAL CIVEL,11425,
GOIANIA,8a VARA CRIMINAL DOS CRIMES PUNIDOS COM RECLUSAO E DETENCAO,11426,
ANAPOLIS,3o JUIZADO ESPECIAL CIVEL,11428,
GOIANIA,5a VARA CRIMINAL DOS CRIMES PUNIDOS COM RECLUSAO E DETENCAO,11430,
MOSSAMEDES,VARA JUDICIAL,11431,
GOIANIA,AUDITORIA MILITAR,11435,
GOIANIA,1o JUIZADO ESPECIAL CIVEL,11437,
GOIANIA,2o JUIZADO ESPECIAL CIVEL,11438,
GOIANIA,3o JUIZADO ESPECIAL CIVEL,11439,
GOIANIA,4o JUIZADO ESPECIAL CIVEL,11440,
ANAPOLIS,1o JUIZADO ESPECIAL CRIMINAL,11441,
GOIANIA,5o JUIZADO ESPECIAL CIVEL,11442,
GOIANIA,7o JUIZADO ESPECIAL CIVEL,11444,
TAQUARAL DE GOIAS,VARA JUDICIAL,11445,
GOIANIA,8o JUIZADO ESPECIAL CIVEL,11446,
GOIANIA,9o JUIZADO ESPECIAL CIVEL,11447,
APARECIDA DE GOIANIA,1a VARA CIVEL,11448,
GOIANIA,10o JUIZADO ESPECIAL CIVEL,11449,
APARECIDA DE GOIANIA,2a VARA CIVEL,11450,
GOIANIA,3o JUIZADO DE VIOLENCIA DOMESTICA E FAMILIAR CONTRA A MULHER,11451,
GOIANIA,1o JUIZADO ESPECIAL CRIMINAL,11452,
APARECIDA DE GOIANIA,1a VARA CRIMINAL,11453,
GOIANIA,2o JUIZADO ESPECIAL CRIMINAL,11454,
APARECIDA DE GOIANIA,2a VARA CRIMINAL,11455,
GOIANIA,4o JUIZADO DE VIOLENCIA DOMESTICA E FAMILIAR CONTRA A MULHER,11456,
APARECIDA DE GOIANIA,1a VARA DE FAMILIA E SUCESSOES,11458,
APARECIDA DE GOIANIA,VARA DA FAZENDA PUBLICA ESTADUAL,11459,
APARECIDA DE GOIANIA,JUIZADO DA INFANCIA E DA JUVENTUDE,11460,
GOIANIA,6o JUIZADO ESPECIAL CIVEL,11462,
ITUMBIARA,2a VARA (CIVEL E AMBIENTAL),11463,
ITUMBIARA,1a VARA (CIV. E DA INF.E DA JUV.),11466,
APARECIDA DE GOIANIA,1o JUIZADO ESPECIAL CIVEL,11467,
APARECIDA DE GOIANIA,1o JUIZADO ESPECIAL CRIMINAL,11468,
ITUMBIARA,1a VARA CRIMINAL (CRIMES EM GERAL E EXECUCOES PENAIS),11469,
QUIRINOPOLIS,1a VARA (CIVEL E DA INF. E DA JUV.),11470,
ITUMBIARA,1o JUIZADO ESPECIAL CIVEL E CRIMINAL,11471,
QUIRINOPOLIS,"2a VARA (CIVEL, DAS FAZ. PUB., DE REG. PUB. E AMBIENTAL)",11472,
QUIRINOPOLIS,JUIZADO ESPECIAL CIVEL E CRIMINAL,11473,
RIO VERDE,1a VARA CIVEL,11474,
ITUMBIARA,2o JUIZADO ESPECIAL CIVEL E CRIMINAL,11475,
APARECIDA DE GOIANIA,2o JUIZADO ESPECIAL CIVEL,11476,
CALDAS NOVAS,1a VARA (CIVEL E DA INF. E DA JUV.),11477,
RIO VERDE,2a VARA CIVEL,11478,
RIO VERDE,3a VARA CIVEL,11479,
RIO VERDE,1a VARA CRIMINAL (EXECUCAO PENAL),11480,
CALDAS NOVAS,"2a VARA (CIVEL, FAZ PUBLICAS ESTADUAL E RESIDUAL E REGISTROS PUBLICOS)",11481,
RIO VERDE,1o JUIZADO ESPECIAL CIVEL E CRIMINAL,11482,
CALDAS NOVAS,1o JUIZADO ESPECIAL CIVEL E CRIMINAL,11483,
RIO VERDE,2o JUIZADO ESPECIAL CIVEL E CRIMINAL,11485,
RIO VERDE,JUIZADO DE VIOLENCIA DOMESTICA E FAMILIAR CONTRA A MULHER,11486,
SANTA HELENA DE GOIAS,"1a VARA (CIV., CRIMINAL - CRIME EM GERAL E EXEC. PENAIS - E DA INF. E DA JUV.)",11489,
SANTA HELENA DE GOIAS,"2a VARA (CIV., CRIMINAL - CRIME EM GERAL, CRIMES DOLOSOS CONTRA A VIDA E PRES. DO TRIB. DO JURI, DAS FAZ. PUB. E DE REG. PUB.)",11490,
ITABERAI,"1a VARA CIVEL, INFANCIA E DA JUVENTUDE E JUIZADO ESPECIAL CIVEL",11491,
CATALAO,1o JUIZADO ESPECIAL CIVEL E CRIMINAL,11492,
TRINDADE,JUIZADO ESPECIAL CIVEL E CRIMINAL,11495,
CERES,"1a VARA (CIV., CRIMINAL - CRIME EM GERAL E EXEC. PENAIS - E DA INF. E DA JUV.)",11496,
URUACU,"2a VARA (CIV., CRIMINAL - CRIME EM GERAL, CRIMES DOLOSOS CONTRA A VIDA E PRES. DO TRIB. DO JURI, DAS FAZ. PUB. E DE REG. PUB.)",11498,
URUACU,JUIZADO ESPECIAL CIVEL E CRIMINAL,11499,
CERES,"2aVARA (CIV, CRIMINAL - CRIME EM GERAL, CRIMES DOLOSOS CONTRA A VIDA E PRES. DO TRIB. DO JURI DAS FAZ. PUB. E DE REG. PUB.)",11500,
ABADIANIA,VARA JUDICIAL,11501,
CRISTALINA,"1a VARA (CIVEL, DE FAMILIA, SUCESSOES E DA INFANCIA E DA JUVENTUDE)",11502,
CRISTALINA,"2a VARA (CIVEL, DAS FAZENDAS PUBLICAS, DE REGISTROS PUBLICOS E AMBIENTAL)",11503,
ITAJA,VARA JUDICIAL,11507,
ITAPACI,VARA JUDICIAL,11508,
ITAPIRAPUA,VARA JUDICIAL,11511,
FORMOSA,1a VARA (CIVEL E DA INF. E DA JUV.),11512,
MINEIROS,1a VARA (CIVEL E DA INF. E DA JUVENTUDE),11514,
FORMOSA,2a VARA CIVEL E FAMILIA E SUCESSOES,11515,
MINEIROS,"VARA DE FAMILIA, SUCESSOES E CIVEL",11517,
FORMOSA,JUIZADO ESPECIAL CIVEL E CRIMINAL,11518,
JANDAIA,VARA JUDICIAL,11521,
MINEIROS,JUIZADO ESPECIAL CIVEL E CRIMINAL,11522,
ITAUCU,VARA JUDICIAL,11523,
FORMOSA,"1a VARA CRIMINAL (CRIMES DOLOSOS CONTRA A VIDA, PRES. TRIB. JURI E EXECUCOES PENAIS)",11524,
MINACU,"VARA CIVEL, INFANCIA E JUVENTUDE E JUIZADO ESPECIAL CIVEL",11525,
GOIANESIA,"1a VARA (CIVEL, DE FAMILIA, SUCESSOES E DA INFANCIA E DA JUVENTUDE)",11528,
AGUAS LINDAS DE GOIAS,"2a VARA CIVEL, FAMILIA E SUCESSOES",11529,
GOIANESIA,VARA DAS FAZENDAS PUBLICAS E REGISTROS PUBLICOS,11530,
AGUAS LINDAS DE GOIAS,JUIZADO ESPECIAL CIVEL E CRIMINAL,11531,
ALEXANIA,VARA JUDICIAL,11532,
GOIAS,"VARA CIVEL, INFANCIA E JUVENTUDE E JUIZADO ESPECIAL CIVEL",11533,
GOIAS,VARA DAS FAZENDAS PUBLICAS E REGISTRO PUBLICO E DE FAMILIA E SUCESSOES,11534,
GOIAS,"VARA CRIMINAL (CRIME EM GERAL, CRIMES DOLOSOS CONTRA A VIDA E PRES. DO TRIB. DO JURI, EXECUCAO PENAL E JUIZADO ESPECIAL CRIMINAL)",11535,
JATAI,JUIZADO ESPECIAL CIVEL E CRIMINAL,11539,
GOIATUBA,JUIZADO ESPECIAL CIVEL E CRIMINAL,11540,
MINACU,"VARA CRIMINAL (CRIME EM GERAL, CRIMES DOLOSOS CONTRA A VIDA E PRES. DO TRIB. DO JURI, EXECUCAO PENAL E JUIZADO ESPECIAL CRIMINAL)",11541,
MORRINHOS,"1a VARA (CIV., CRIMINAL - CRIME EM GERAL E EXEC. PENAIS - E DA INF. E DA JUV.)",11543,
ALTO PARAISO DE GOIAS,VARA JUDICIAL,11546,
MORRINHOS,JUIZADO ESPECIAL CIVEL E CRIMINAL,11547,
NIQUELANDIA,"VARA DE FAMILIA, SUCESSOES, DA INFANCIA E DA JUVENTUDE CIVEL E DAS FAZENDAS PUBLICAS E REGISTRO PUBLICO",11550,
ALVORADA DO NORTE,VARA JUDICIAL,11551,
NIQUELANDIA,VARA CIVEL E JUIZADO ESPECIAL CIVEL,11552,
JOVIANIA,VARA JUDICIAL,11553,
PALMEIRAS DE GOIAS,VARA JUDICIAL,11554,
ARACU,VARA JUDICIAL,11555,
LEOPOLDO DE BULHOES,VARA JUDICIAL,11556,
MONTES CLAROS DE GOIAS,VARA JUDICIAL,11559,
IPAMERI,"1a VARA (CIVEL, CRIMINAL - CRIME EM GERAL E EXEC. PENAIS - E DA INFANCIA E DA JUVENTUDE)",11562,
IPAMERI,JUIZADO ESPECIAL CIVEL E CRIMINAL,11563,
PORANGATU,"1a VARA CIVEL, DE FAMILIA E SUCESSOES E DA INFANCIA E JUVENTUDE",11565,
NAZARIO,VARA JUDICIAL,11566,
PORANGATU,JUIZADO ESPECIAL CIVEL E CRIMINAL,11569,
IPORA,"2a VARA (CIVEL, CRIMINAL - CRIME EM GERAL, CRIMES DOLOSOS CONTRA A VIDA E PRES. DO TRIB. DO JURI, DAS FAZ. PUB., DE REG. PUB. E AMBIENTAL)",11570,
POSSE,"1a VARA JUDICIAL (FAMILIA E SUCESSOES, INFANCIA E JUVENTUDE, CIVEL, DE REGISTROS PUBLICOS, AMBIENTAL E JUIZADO ESPECIAL CIVEL)",11571,
LUZIANIA,1a VARA (CIVEL E DA FAZ. PUB. ESTADUAL),11572,
IPORA,JUIZADO ESPECIAL CIVEL E CRIMINAL,11573,
LUZIANIA,"2a VARA (CIVEL, DA FAZ. PUB. MUN., DE REG. PUB. E AMB.)",11576,
LUZIANIA,1a VARA DE FAMILIA E SUCESSOES,11578,
ORIZONA,VARA JUDICIAL,11579,
LUZIANIA,"1a VARA CRIMINAL (CRIMES DOLOSOS CONTRA A VIDA, PRES. TRIB DO JURI E EXECUCOES PENAIS)",11580,
PARANAIGUARA,VARA JUDICIAL,11583,
PARAUNA,VARA JUDICIAL,11585,
PETROLINA DE GOIAS,VARA JUDICIAL,11586,
AURILANDIA,VARA JUDICIAL,11589,
SENADOR CANEDO,JUIZADO ESPECIAL CIVEL E CRIMINAL,11591,
BELA VISTA DE GOIAS,VARA JUDICIAL,11593,
BURITI ALEGRE,VARA JUDICIAL,11595,
SILVANIA,VARA JUDICIAL,11596,
CACHOEIRA ALTA,VARA JUDICIAL,11597,
PIRANHAS,VARA JUDICIAL,11598,
TURVANIA,VARA JUDICIAL,11599,
URUANA,VARA JUDICIAL,11601,
CACU,VARA JUDICIAL,11602,
PLANALTINA,JUIZADO ESPECIAL CIVEL E CRIMINAL,11608,
VALPARAISO DE GOIAS,JUIZADO ESPECIAL CIVEL E CRIMINAL,11609,
CAMPINORTE,VARA JUDICIAL,11610,
VARJAO,VARA JUDICIAL,11611,
PONTALINA,VARA JUDICIAL,11612,
VIANOPOLIS,VARA JUDICIAL,11614,
RIALMA,VARA JUDICIAL,11615,
CAVALCANTE,VARA JUDICIAL,11616,
CIDADE OCIDENTAL,JUIZADO ESPECIAL CIVEL E CRIMINAL,11619,
SANCLERLANDIA,VARA JUDICIAL,11620,
CORUMBA DE GOIAS,VARA JUDICIAL,11621,
JATAI,1a VARA CRIMINAL (CRIMES EM GERAL E EXECUCOES PENAIS),11622,
CORUMBAIBA,VARA JUDICIAL,11623,
SANTA CRUZ DE GOIAS,VARA JUDICIAL,11625,
SANTA TEREZINHA DE GOIAS,VARA JUDICIAL,11626,
SANTO ANTONIO DO DESCOBERTO,JUIZADO ESPECIAL CIVEL E CRIMINAL,11628,
SAO DOMINGOS,VARA JUDICIAL,11629,
EDEIA,VARA JUDICIAL,11632,
FAZENDA NOVA,VARA JUDICIAL,11636,
FIRMINOPOLIS,VARA JUDICIAL,11637,
GOIANAPOLIS,VARA JUDICIAL,11639,
GOIANDIRA,VARA JUDICIAL,11640,
IACIARA,VARA JUDICIAL,11645,
TRINDADE,1a VARA (CIVEL E DA INF. E DA JUV),12570,
BARRO ALTO,VARA JUDICIAL,12713,
HIDROLANDIA,"1a VARA JUDICIAL (FAMILIA E SUCESSOES, INFANCIA E JUVENTUDE, CIVEL E JUIZADO ESPECIAL CIVEL)",12715,
SAO SIMAO,VARA JUDICIAL,12803,
ESTRELA DO NORTE,VARA JUDICIAL,12842,
FORMOSO,VARA JUDICIAL,12964,
CIDADE OCIDENTAL,"1a VARA (CIVEL, DE FAMILIA, SUCESSOES E DA INFANCIA E DA JUVENTUDE)",13161,
NOVO GAMA,"1a VARA (CIVEL, DE FAMILIA, SUCESSOES E DA INFANCIA E DA JUVENTUDE)",13162,
PLANALTINA,"1a VARA (CIVEL, DE FAMILIA, SUCESSOES E DA INFANCIA E DA JUVENTUDE)",13163,
SANTO ANTONIO DO DESCOBERTO,"1a VARA (CIVEL, DE FAMILIA, SUCESSOES E DA INFANCIA E DA JUVENTUDE)",13164,
SENADOR CANEDO,1a VARA CIVEL,13166,
FORMOSA,2a VARA CRIMINAL (CRIMES EM GERAL E VIOLENCIA DOMESTICA E FAMILIAR CONTRA A MULHER),13171,
ARUANA,VARA JUDICIAL,13173,
NOVA CRIXAS,VARA JUDICIAL,13175,
LUZIANIA,2a VARA CRIMINAL (CRIMES EM GERAL),13176,
ANAPOLIS,4o JUIZADO ESPECIAL CIVEL,13226,
LUZIANIA,JUIZADO DA INFANCIA E DA JUVENTUDE,13227,
CIDADE OCIDENTAL,"2a VARA (CIVEL, DAS FAZENDAS PUBLICAS, DE REGISTROS PUBLICOS E AMBIENTAL)",13300,
PLANALTINA,"2a VARA (CIVEL, DAS FAZENDAS PUBLICAS, DE REGISTROS PUBLICOS E AMBIENTAL)",13304,
SANTO ANTONIO DO DESCOBERTO,"2a VARA (CIVEL, DAS FAZENDAS PUBLICAS, DE REGISTROS PUBLICOS E AMBIENTAL)",13305,
SENADOR CANEDO,2a VARA CIVEL,13307,
VALPARAISO DE GOIAS,"2a VARA (CIVEL, DAS FAZENDAS PUBLICAS, DE REGISTROS PUBLICOS E AMBIENTAL)",13308,
ANAPOLIS,"VARA DA FAZ. PUB. MUN.,DE REG. PUB., E AMB.",13364,
ANAPOLIS,6a VARA CIVEL,13365,
ANAPOLIS,4a VARA CRIMINAL (PRESIDENCIA DO TRIBUNAL DO JURI E EXECUCOES PENAIS),13366,
APARECIDA DE GOIANIA,3a VARA CIVEL,13367,
APARECIDA DE GOIANIA,4a VARA CIVEL,13368,
APARECIDA DE GOIANIA,5a VARA CIVEL,13369,
APARECIDA DE GOIANIA,3a VARA CRIMINAL,13370,
APARECIDA DE GOIANIA,2a VARA DE FAMILIA E SUCESSOES,13372,
APARECIDA DE GOIANIA,"VARA DA FAZENDA PUB. MUNICIPAL, DE REG. PUB. E AMBIENTAL",13373,
COCALZINHO DE GOIAS,VARA JUDICIAL,13558,
ITUMBIARA,VARA DE FAMILIA E SUCESSOES,13577,
RIO VERDE,1a VARA DE FAMILIA E SUCESSOES,13579,
RIO VERDE,"VARA DAS FAZ. PUB., DE REG. PUB. E AMB.",13580,
CALDAS NOVAS,VARA DE FAMILIA E SUCESSOES,13589,
CALDAS NOVAS,"1a VARA CRIMINAL (CRIMES DOLOSOS CONTRA A VIDA, PRES. TRIB JURI E EXECUCAO PENAL)",13590,
MINEIROS,"2a VARA (CIV, DAS FAZ PUB, DE REG PUB. E AMB.)",13600,
QUIRINOPOLIS,VARA CRIMINAL,13601,
TRINDADE,"1a VARA CRIMINAL (CRIMES DOLOSOS CONTRA A VIDA, PRES. TRIB. JURI E EXECUCAO PENAL)",13602,
SERRANOPOLIS,VARA JUDICIAL,13690,
SANTA HELENA DE GOIAS,JUIZADO ESPECIAL CIVEL E CRIMINAL,13698,
RIO VERDE,2a VARA CRIMINAL (CRIMES EM GERAL),13704,
RIO VERDE,JUIZADO DA INFANCIA E DA JUVENTUDE,13705,
ITUMBIARA,"2a VARA CRIMINAL (CRIMES DOLOSOS CONTRA A VIDA, PRES. TRIB. JURI E CRIMES EM GERAL)",13709,
CATALAO,2o JUIZADO ESPECIAL CIVEL E CRIMINAL,13724,
MONTIVIDIU,VARA JUDICIAL,13737,
MINACU,VARA DAS FAZENDAS PUBLICAS E REGISTRO PUBLICO E DE FAMILIA E SUCESSOES,13745,
GOIANESIA,JUIZADO ESPECIAL CIVEL E CRIMINAL,13799,
FLORES DE GOIAS,VARA JUDICIAL,13804,
CERES,JUIZADO ESPECIAL CIVEL E CRIMINAL,13828,
GOIANIRA,JUIZADO ESPECIAL CIVEL E CRIMINAL,13834,
GOIANIA,13a VARA CIVEL E AMBIENTAL,13837,
GOIANIA,14a VARA CIVEL E AMBIENTAL,13838,
GOIANIA,15a VARA CIVEL E AMBIENTAL,13839,
GOIANIA,16a VARA CIVEL E AMBIENTAL,13840,
AGUAS LINDAS DE GOIAS,"1a VARA CRIMINAL (CRIMES DOLOSOS CONTRA A VIDA, PRES. TRIB. JURI E EXECUCOES PENAIS)",14595,
AGUAS LINDAS DE GOIAS,2a VARA CRIMINAL (CRIMES EM GERAL),14596,
CIDADE OCIDENTAL,VARA CRIMINAL,14597,
CRISTALINA,VARA CRIMINAL,14599,
SANTO ANTONIO DO DESCOBERTO,VARA CRIMINAL,14600,
GOIANIA,17a VARA CIVEL E AMBIENTAL,16429,
GOIANIA,18a VARA CIVEL E AMBIENTAL,16430,
GOIANIA,19a VARA CIVEL E AMBIENTAL,16431,
GOIANIA,1o JUIZADO DE VIOLENCIA DOMESTICA E FAMILIAR CONTRA A MULHER,16434,
GOIANIA,2o JUIZADO DE VIOLENCIA DOMESTICA E FAMILIAR CONTRA A MULHER,16435,
MARA ROSA,VARA JUDICIAL,17261,
MAURILANDIA,VARA JUDICIAL,17262,
IPORA,"1a VARA (CIV., CRIMINAL - CRIME EM GERAL E EXEC. PENAIS - E DA INF. E DA JUVENTUDE)",52603,
GOIANIA,11o JUIZADO ESPECIAL CIVEL,52637,
GOIATUBA,"1a VARA (CIVEL, CRIMINAL - CRIME EM GERAL E EXEC. PENAIS - E DA INF. E DA JUV.)",52647,
URUACU,"1a VARA (CIV., CRIMINAL - CRIME EM GERAL E EXEC. PENAIS - E DA INF. E DA JUV.)",52648,
GOIANIA,2a VARA DE EXECUCAO PENAL,52652,
GOIANIA,3a VARA DA FAZ. PUB. MUN. E DE REG. PUB.,52653,
GOIANIA,2o JUIZO DO NUCLEO DE JUSTICA 4.0 ESPECIALIZADO EM MATERIA DE JUIZADO ESPECIAL DA FAZENDA PUBLICA,52654,
AGUAS LINDAS DE GOIAS,"1a VARA DE FAZENDAS PUBLICAS, REGISTROS PUBLICOS E AMBIENTAL",73091,
CRIXAS,VARA JUDICIAL,73178,
GOIANIA,3a VARA CRIMINAL DOS CRIMES PUNIDOS COM RECLUSAO E DETENCAO,76689,
JATAI,JUIZADO DE VIOLENCIA DOMESTICA E FAMILIAR CONTRA A MULHER,77693,
GOIANIA,4a VARA CRIMINAL DOS CRIMES DOLOSOS CONTRA A VIDA E TRIBUNAL DO JURI,77694,
GOIANIA,4a VARA DA FAZENDA PUBLICA ESTADUAL,78732,
GOIANIA,5a VARA DA FAZENDA PUBLICA ESTADUAL,78733,
GOIANIA,6a VARA DA FAZENDA PUBLICA ESTADUAL,78734,
GOIANIA,4a VARA DA FAZ. PUB. MUN. E DE REG. PUB.,78735,
GOIANIA,3o JUIZO DO NUCLEO DE JUSTICA 4.0 ESPECIALIZADO EM MATERIA DE JUIZADO ESPECIAL DA FAZENDA PUBLICA,78736,
GOIANIA,20a VARA CIVEL,78737,
GOIANIA,21a VARA CIVEL,78738,
GOIANIA,22a VARA CIVEL,78739,
GOIANIA,23a VARA CIVEL,78740,
GOIANIA,24a VARA CIVEL E DE ARBITRAGEM,78741,
GOIANIA,25a VARA CIVEL,78742,
GOIANIA,26a VARA CIVEL,78743,
GOIANIA,27a VARA CIVEL,78744,
GOIANIA,28a VARA CIVEL,78745,
GOIANIA,29a VARA CIVEL,78746,
GOIANIA,30a VARA CIVEL,78747,
GOIANIA,31a VARA CIVEL,78748,
GOIANIA,1a VARA CRIMINAL DOS CRIMES PUNIDOS COM RECLUSAO E DETENCAO,78749,
GOIANIA,2a VARA CRIMINAL DOS CRIMES PUNIDOS COM RECLUSAO E DETENCAO,78750,
GOIANIA,4a VARA CRIMINAL DOS CRIMES PUNIDOS COM RECLUSAO E DETENCAO,78751,
GOIANIA,9a VARA CRIMINAL DOS CRIMES PUNIDOS COM RECLUSAO E DETENCAO,78753,
GOIANIA,3a VARA DE EXECUCAO PENAL,78754,
GOIANIA,1a VARA DE SUCESSOES,78804,
GOIANIA,1o JUIZADO DA INFANCIA E DA JUVENTUDE DAS CAUSAS CIVEIS E QUESTOES ADM. AFINS,78884,
GOIANIA,2o JUIZADO DA INFANCIA E DA JUVENTUDE DAS CAUSAS INFRACIONAIS QUESTOES ADM. AFINS,78885,
ANAPOLIS,5a VARA CRIMINAL,78893,
ANAPOLIS,JUIZADO DE VIOLENCIA DOMESTICA E FAMILIAR CONTRA A MULHER,79250,
AGUAS LINDAS DE GOIAS,3a VARA CRIMINAL (CRIMES EM GERAL),79331,
ANAPOLIS,VARA REGIONAL DE EXECUCAO PENAL,79332,
APARECIDA DE GOIANIA,3o JUIZADO ESPECIAL CIVEL,79333,
CALDAS NOVAS,"3a VARA (CIVEL, FAZENDA PUBLICA MUNICIPAL E AMBIENTAL)",79335,
CALDAS NOVAS,2a VARA CRIMINAL (CRIMES EM GERAL),79336,
CALDAS NOVAS,3a VARA CRIMINAL (CRIMES EM GERAL),79337,
FORMOSA,3a VARA CIVEL E FAMILIA E SUCESSOES,79340,
FORMOSA,3a VARA CRIMINAL (CRIMES EM GERAL E VIOLENCIA DOMESTICA E FAMILIAR CONTRA A MULHER),79341,
FORMOSA,VARA REGIONAL DE EXECUCAO PENAL,79342,
GOIANESIA,"2a VARA CIVEL, AMBIENTAL E FAMILIA E SUCESSOES",79343,
LUZIANIA,1deg JUIZADO DE VIOLENCIA DOMESTICA E FAMILIAR CONTRA A MULHER,79348,
LUZIANIA,2a VARA DE FAMILIA E SUCESSOES,79350,
TRINDADE,2a VARA CRIMINAL (CRIMES EM GERAL),79353,
VALPARAISO DE GOIAS,2a VARA CRIMINAL (CRIMES EM GERAL),79355,
GOIANIA,2a TURMA RECURSAL DOS JUIZADOS ESPECIAIS,79426,
GOIANIA,1a TURMA RECURSAL DOS JUIZADOS ESPECIAIS,79427,
GOIANIA,4a TURMA RECURSAL DOS JUIZADOS ESPECIAIS,79428,
GOIANIA,3a TURMA RECURSAL DOS JUIZADOS ESPECIAIS,79429,
POSSE,"2a VARA JUDICIAL (FAZENDAS PUBLICAS, CRIMINAL, EXECUCAO PENAL E JUIZADO ESPECIAL CRIMINAL)",79430,
PLANALTINA,2a VARA CRIMINAL (CRIMES EM GERAL),79701,
RIO VERDE,3a VARA CRIMINAL (CRIMES EM GERAL),79783,
GOIANIA,"1a VARA DOS FEITOS RELATIVOS A DELITOS PRATICADOS POR ORGANIZACAO CRIMINOSA E DE LAVAGEM OU OCULTACAO DE BENS, DIREITOS E VALORES",81023,
RIO VERDE,2a VARA DE FAMILIA E SUCESSOES,81188,
ITABERAI,"2a VARA CIVEL, FAMILIA E SUCESSOES, DAS FAZENDAS PUBLICAS E REGISTROS PUBLICOS",81236,
ACREUNA,"1a VARA JUDICIAL (FAMILIA E SUCESSOES, INFANCIA E JUVENTUDE, CIVEL E JUIZADO ESPECIAL CIVEL)",81436,
ACREUNA,"2a VARA JUDICIAL (FAZENDAS PUBLICAS, CRIMINAL, EXECUCAO PENAL E JUIZADO CRIMINAL)",81437,
ANICUNS,"1a VARA JUDICIAL (FAMILIA E SUCESSOES, INFANCIA E JUVENTUDE, CIVEL E JUIZADO ESPECIAL CIVEL)",81438,
ANICUNS,"2a VARA JUDICIAL (FAZENDAS PUBLICAS, CRIMINAL, EXECUCAO PENAL E JUIZADO CRIMINAL)",81439,
ARAGARCAS,"1a VARA JUDICIAL (FAMILIA E SUCESSOES, INFANCIA E JUVENTUDE, CIVEL E JUIZADO ESPECIAL CIVEL)",81440,
ARAGARCAS,"2a VARA JUDICIAL (FAZENDAS PUBLICAS, CRIMINAL, EXECUCAO PENAL E JUIZADO CRIMINAL)",81441,
BOM JESUS DE GOIAS,"1a VARA JUDICIAL (FAMILIA E SUCESSOES, INFANCIA E JUVENTUDE, CIVEL E JUIZADO ESPECIAL CIVEL)",81442,
BOM JESUS DE GOIAS,"2a VARA JUDICIAL (FAZENDAS PUBLICAS, CRIMINAL, EXECUCAO PENAL E JUIZADO CRIMINAL)",81443,
CAIAPONIA,"1a VARA JUDICIAL (FAMILIA E SUCESSOES, INFANCIA E JUVENTUDE, CIVEL E JUIZADO ESPECIAL CIVEL)",81444,
CAIAPONIA,"2a VARA JUDICIAL (FAZENDAS PUBLICAS, CRIMINAL, EXECUCAO PENAL E JUIZADO CRIMINAL)",81445,
CAMPOS BELOS,"1a VARA JUDICIAL (FAMILIA E SUCESSOES, INFANCIA E JUVENTUDE, CIVEL E JUIZADO ESPECIAL CIVEL)",81446,
CAMPOS BELOS,"2a VARA JUDICIAL (FAZENDAS PUBLICAS, CRIMINAL, EXECUCAO PENAL E JUIZADO CRIMINAL)",81447,
GUAPO,"1a VARA JUDICIAL (FAMILIA E SUCESSOES, INFANCIA E JUVENTUDE, CIVEL E JUIZADO ESPECIAL CIVEL)",81448,
GUAPO,"2a VARA JUDICIAL (FAZENDAS PUBLICAS, CRIMINAL, EXECUCAO PENAL E JUIZADO CRIMINAL)",81449,
ITAPURANGA,"1a VARA JUDICIAL (FAMILIA E SUCESSOES, INFANCIA E JUVENTUDE, CIVEL E JUIZADO ESPECIAL CIVEL)",81450,
ITAPURANGA,"2a VARA JUDICIAL (FAZENDAS PUBLICAS, CRIMINAL, EXECUCAO PENAL E JUIZADO CRIMINAL)",81451,
JUSSARA,"1a VARA JUDICIAL (FAMILIA E SUCESSOES, INFANCIA E JUVENTUDE, CIVEL E JUIZADO ESPECIAL CIVEL)",81452,
JUSSARA,"2a VARA JUDICIAL (FAZENDAS PUBLICAS, CRIMINAL, EXECUCAO PENAL E JUIZADO CRIMINAL)",81453,
MOZARLANDIA,"1a VARA JUDICIAL (FAMILIA E SUCESSOES, INFANCIA E JUVENTUDE, CIVEL E JUIZADO ESPECIAL CIVEL)",81454,
MOZARLANDIA,"2a VARA JUDICIAL (FAZENDAS PUBLICAS, CRIMINAL, EXECUCAO PENAL E JUIZADO CRIMINAL)",81455,
PADRE BERNARDO,"1a VARA JUDICIAL (FAMILIA E SUCESSOES, INFANCIA E JUVENTUDE, CIVEL E JUIZADO ESPECIAL CIVEL)",81456,
PADRE BERNARDO,"2a VARA JUDICIAL (FAZENDAS PUBLICAS, CRIMINAL, EXECUCAO PENAL E JUIZADO CRIMINAL)",81457,
PIRACANJUBA,"1a VARA JUDICIAL (FAMILIA E SUCESSOES, INFANCIA E JUVENTUDE, CIVEL E JUIZADO ESPECIAL CIVEL)",81458,
PIRACANJUBA,"2a VARA JUDICIAL (FAZENDAS PUBLICAS, CRIMINAL, EXECUCAO PENAL E JUIZADO CRIMINAL)",81459,
PIRENOPOLIS,"1a VARA JUDICIAL (FAMILIA E SUCESSOES, INFANCIA E JUVENTUDE, CIVEL E JUIZADO ESPECIAL CIVEL)",81460,
PIRENOPOLIS,"2a VARA JUDICIAL (FAZENDAS PUBLICAS, CRIMINAL, EXECUCAO PENAL E JUIZADO CRIMINAL)",81461,
PIRES DO RIO,"1a VARA JUDICIAL (FAMILIA E SUCESSOES, INFANCIA E JUVENTUDE, CIVEL E JUIZADO ESPECIAL CIVEL)",81462,
PIRES DO RIO,"2a VARA JUDICIAL (FAZENDAS PUBLICAS, CRIMINAL, EXECUCAO PENAL E JUIZADO CRIMINAL)",81463,
SAO MIGUEL DO ARAGUAIA,"1a VARA JUDICIAL (FAMILIA E SUCESSOES, INFANCIA E JUVENTUDE, CIVEL E JUIZADO ESPECIAL CIVEL)",81464,
SAO MIGUEL DO ARAGUAIA,"2a VARA JUDICIAL (FAZENDAS PUBLICAS, CRIMINAL, EXECUCAO PENAL E JUIZADO CRIMINAL)",81465,
GOIANIA,2a VARA DE SUCESSOES,81653,
CATALAO,1a VARA DE FAMILIA E SUCESSOES,82287,
ANAPOLIS,3a VARA DE FAMILIA E SUCESSOES,82343,
GOIANIA,"2a VARA DOS FEITOS RELATIVOS A DELITOS PRATICADOS POR ORGANIZACAO CRIMINOSA E DE LAVAGEM OU OCULTACAO DE BENS, DIREITOS E VALORES",82495,
GOIANIA,1o NUCLEO DE JUSTICA 4.0,83362,
GOIANIA,2o NUCLEO DE JUSTICA 4.0,83363,
GOIANIA,1deg CENTRO JUDICIARIO DE SOLUCAO DE CONFLITOS E CIDADANIA,83724,
GOIANIA,2deg CENTRO JUDICIARIO DE SOLUCAO DE CONFLITOS E CIDADANIA,83725,
GOIANIA,5deg CENTRO JUDICIARIO DE SOLUCAO DE CONFLITOS E CIDADANIA,83728,
GOIANIA,7o CENTRO JUDICIARIO DE SOLUCAO DE CONFLITOS E CIDADANIA,83730,
GOIANIA,8o CENTRO JUDICIARIO DE SOLUCAO DE CONFLITOS E CIDADANIA,83732,
GOIANIA,11o CENTRO JUDICIARIO DE SOLUCAO DE CONFLITOS E CIDADANIA,83735,
GOIANIA,12o CENTRO JUDICIARIO DE SOLUCAO DE CONFLITOS E CIDADANIA,83736,
GOIANIA,13o CENTRO JUDICIARIO DE SOLUCAO DE CONFLITOS E CIDADANIA,83737,
GOIANIA,14o CENTRO JUDICIARIO DE SOLUCAO DE CONFLITOS E CIDADANIA,83738,
ANICUNS,CENTRO JUDICIARIO DE SOLUCAO DE CONFLITOS E CIDADANIA,83739,
SENADOR CANEDO,CENTRO JUDICIARIO DE SOLUCAO DE CONFLITOS E CIDADANIA,83748,
ANAPOLIS,3o CENTRO JUDICIARIO DE SOLUCAO DE CONFLITOS E CIDADANIA,83752,
ANAPOLIS,5o CENTRO JUDICIARIO DE SOLUCAO DE CONFLITOS E CIDADANIA,83754,
MINEIROS,1o CENTRO JUDICIARIO DE SOLUCAO DE CONFLITOS E CIDADANIA,83767,
MINEIROS,2o CENTRO JUDICIARIO DE SOLUCAO DE CONFLITOS E CIDADANIA,83768,
SENADOR CANEDO,1a VARA CRIMINAL (CRIMES EM GERAL E EXECUCOES PENAIS),83771,
CIDADE OCIDENTAL,1o CENTRO JUDICIARIO DE SOLUCAO DE CONFLITOS E CIDADANIA,83781,
CIDADE OCIDENTAL,3o CENTRO JUDICIARIO DE SOLUCAO DE CONFLITOS E CIDADANIA,83783,
CALDAS NOVAS,2o CENTRO JUDICIARIO DE SOLUCAO DE CONFLITOS E CIDADANIA,83796,
CALDAS NOVAS,3o CENTRO JUDICIARIO DE SOLUCAO DE CONFLITOS E CIDADANIA,83797,
CALDAS NOVAS,4o CENTRO JUDICIARIO DE SOLUCAO DE CONFLITOS E CIDADANIA,83798,
CERES,CENTRO JUDICIARIO DE SOLUCAO DE CONFLITOS E CIDADANIA,83809,
GOIANESIA,CENTRO JUDICIARIO DE SOLUCAO DE CONFLITOS E CIDADANIA,83810,
CATALAO,1a VARA CRIMINAL (CRIMES EM GERAL E EXECUCOES PENAIS),83858,
CATALAO,"2a VARA CRIMINAL (CRIMES EM GERAL, CRIMES DOLOSOS CONTRA A VIDA E PRESIDENCIA DO TRIBUNAL DO JURI E CRIMES ENVOLVENDO VIOLENCIA DOMESTICA)",83859,
FORMOSA,"VARA DE FAZENDAS PUBLICAS, REGISTROS PUBLICOS E AMBIENTAL",83860,
GOIANESIA,"2a VARA CRIMINAL (CRIMES EM GERAL, CRIMES DOLOSOS CONTRA A VIDA E PRESIDENCIA DO TRIBUNAL DO JURI E CRIMES ENVOLVENDO VIOLENCIA DOMESTICA)",83930,
ITUMBIARA,VARA DE FAZENDAS PUBLICAS E DE REGISTROS PUBLICOS,83931,
GOIANIA,4o JUIZO DO NUCLEO DE JUSTICA 4.0 ESPECIALIZADO EM MATERIA DE JUIZADO ESPECIAL DA FAZENDA PUBLICA,84070,
GOIANESIA,1a VARA CRIMINAL (CRIMES EM GERAL E EXECUCOES PENAIS),84077,
GOIANIA,1o JUIZO DO NUCLEO DE JUSTICA 4.0 ESPECIALIZADO EM MATERIA DE JUIZADO ESPECIAL DA FAZENDA PUBLICA,84079,
APARECIDA DE GOIANIA,3a VARA DE FAMILIA E SUCESSOES,84185,
HIDROLANDIA,"2a VARA JUDICIAL (FAZENDAS PUBLICAS, CRIMINAL, EXECUCAO PENAL E JUIZADO CRIMINAL)",84193,
GOIANIA,"1a VARA CRIMINAL DOS CRIMES CONTRA VITIMAS HIPERVULNERAVEIS (CRIANCAS E ADOLESCENTES, PESSOAS COM DEFICIENCIA E IDOSOS) E CRIMES DE TRANSITO",84207,
GOIANIA,"2a VARA CRIMINAL DOS CRIMES CONTRA VITIMAS HIPERVULNERAVEIS (CRIANCAS E ADOLESCENTES, PESSOAS COM DEFICIENCIA E IDOSOS) E CRIMES DE TRANSITO",84208,
GOIANIA,7a VARA DE FAMILIA,84209,
RUBIATABA,"2a VARA JUDICIAL (FAZENDAS PUBLICAS, CRIMINAL, EXECUCAO PENAL E JUIZADO CRIMINAL)",84265,
RUBIATABA,"1a VARA JUDICIAL (FAMILIA E SUCESSOES, INFANCIA E JUVENTUDE, CIVEL E JUIZADO ESPECIAL CIVEL)",84266,
JARAGUA,"VARA CIVEL, INFANCIA E JUVENTUDE E JUIZADO ESPECIAL CIVEL",84484,
JARAGUA,VARA DAS FAZENDAS PUBLICAS E REGISTRO PUBLICO E DE FAMILIA E SUCESSOES,84485,
JARAGUA,"VARA CRIMINAL (CRIME EM GERAL, CRIMES DOLOSOS CONTRA A VIDA E PRES. DO TRIB. DO JURI - EXECUCAO PENAL) E JUIZADO ESPECIAL CRIMINAL",84486,
APARECIDA DE GOIANIA,"1a VARA CRIMINAL DOS CRIMES DOLOSOS CONTRA A VIDA, TRIBUNAL DO JURI E EXECUCOES PENAIS (PRIVATIVAS DE LIBERDADE EM REGIME ABERTO)",84491,
APARECIDA DE GOIANIA,4a VARA CRIMINAL,84492,
VALPARAISO DE GOIAS,"1a VARA CRIMINAL (CRIMES DOLOSOS CONTRA A VIDA E PRESIDENCIA DO TRIBUNAL DO JURI, EXECUCAO PENAL E CRIMES ENVOLVENDO VIOLENCIA DOMESTICA)",84640,
NOVO GAMA,"2a VARA (CIVEL, DAS FAZENDAS PUBLICAS, DE REGISTROS PUBLICOS E AMBIENTAL) E JUIZADO ESPECIAL CIVEL",84641,
NOVO GAMA,"1a VARA CRIMINAL (CRIMES EM GERAL, CRIMES DOLOSOS CONTRA A VIDA E EXECUCAO PENAL) E JUIZADO ESPECIAL CRIMINAL",84642,
NOVO GAMA,2a VARA CRIMINAL (CRIMES EM GERAL E CRIMES ENVOLVENDO VIOLENCIA DOMESTICA),84643,
NEROPOLIS,"1a VARA JUDICIAL (FAMILIA E SUCESSOES, INFANCIA E JUVENTUDE, CIVEL E JUIZADO ESPECIAL CIVEL)",85134,
NEROPOLIS,"2a VARA JUDICIAL (FAZENDAS PUBLICAS, CRIMINAL, EXECUCAO PENAL E JUIZADO CRIMINAL)",85135,
APARECIDA DE GOIANIA,3o CENTRO JUDICIARIO DE SOLUCAO DE CONFLITOS E CIDADANIA,85407,
GOIANIA,6a VARA CRIMINAL DOS CRIMES PUNIDOS COM RECLUSAO E DETENCAO,85801,
CATALAO,1a VARA CIVEL,86175,
CATALAO,2a VARA CIVEL,86176,
CATALAO,VARA DE FAZENDAS PUBLICAS E REGISTROS PUBLICOS,86177,
JATAI,1a VARA CIVEL,86274,
JATAI,2a VARA CIVEL,86275,
JATAI,"VARA DE FAZENDAS PUBLICAS, REGISTROS PUBLICOS E INFANCIA E JUVENTUDE",86276,
JATAI,VARA DE FAMILIA E SUCESSOES,86277,
TRINDADE,VARA DE FAZENDAS PUBLICAS E REGISTROS PUBLICOS,86454,
TRINDADE,2a VARA CIVEL E AMBIENTAL,86456,
TRINDADE,VARA DE FAMILIA E SUCESSOES,86457,
VALPARAISO DE GOIAS,2o CENTRO JUDICIARIO DE SOLUCAO DE CONFLITOS E CIDADANIA,86657,
GOIANIA,NUCLEO DE JUSTICA 4.0 - EXECUCAO FISCAL,86699,
ANAPOLIS,1o CENTRO JUDICIARIO DE SOLUCAO DE CONFLITOS E CIDADANIA - PROCON,87020,
GOIANIA,3o JUIZADO ESPECIAL CRIMINAL,87275,
GOIANIA,7a VARA DA FAZENDA PUBLICA ESTADUAL,87285,
GOIANIA,8a VARA DE FAMILIA,87286,
GOIANIA,32a VARA CIVEL,87302,
GOIANIA,5a VARA DA FAZENDA PUBLICA MUNICIPAL E DE REGISTROS PUBLICOS - EXECUCAO FISCAL,87304,
APARECIDA DE GOIANIA,6a VARA CIVEL,87308,
APARECIDA DE GOIANIA,"2a VARA CRIMINAL DOS CRIMES DOLOSOS CONTRA A VIDA, TRIBUNAL DO JURI E EXECUCOES PENAIS (RESTRITIVAS DE DIREITO, ALTERNATIVAS E DE MULTA)",87309,
APARECIDA DE GOIANIA,2o JUIZADO DE VIOLENCIA DOMESTICA E FAMILIAR CONTRA A MULHER,87310,
CALDAS NOVAS,2o JUIZADO ESPECIAL CIVEL E CRIMINAL,87314,
TRINDADE,3a VARA CRIMINAL (CRIMES EM GERAL),87315,
AGUAS LINDAS DE GOIAS,"2a VARA DE FAZENDAS PUBLICAS, REGISTROS PUBLICOS E AMBIENTAL",87318,
AGUAS LINDAS DE GOIAS,JUIZADO DE VIOLENCIA DOMESTICA E FAMILIAR CONTRA A MULHER,87319,
CATALAO,2a VARA DE FAMILIA E DA INFANCIA E DA JUVENTUDE,87321,
RIO VERDE,4a VARA CRIMINAL (CRIMES DOLOSOS CONTRA A VIDA E PRESIDENCIA DO TRIBUNAL DO JURI),87322,
GOIANIRA,VARA CRIMINAL,87323,
PORANGATU,VARA CRIMINAL,87324,
APARECIDA DE GOIANIA,1o CEJUSC REGIONAL VIRTUAL DO INTERIOR,87908,
TRINDADE,2o CEJUSC REGIONAL VIRTUAL DO INTERIOR,87909,
JANDAIA,3o CEJUSC REGIONAL VIRTUAL DO INTERIOR,87910,
AGUAS LINDAS DE GOIAS,"1a VARA CIVEL, FAMILIA E SUCESSOES E DA INFANCIA E DA JUVENTUDE",87915,
GOIANIA,CENTRAL ESTADUAL DE CONCILIACAO PRE-PROCESSUAL,88108,
SAO LUIS DE MONTES BELOS,VARA CIVEL E JUIZADO ESPECIAL CIVEL,88136,
SAO LUIS DE MONTES BELOS,"VARA DAS FAZENDAS PUBLICAS E REGISTROS PUBLICOS, FAMILIA E SUCESSOES E DE INFANCIA E DA JUVENTUDE",88137,
SAO LUIS DE MONTES BELOS,"VARA CRIMINAL (CRIME EM GERAL, CRIMES DOLOSOS CONTRA A VIDA E PRES. DO TRIB. DO JURI - EXECUCAO PENAL) E JUIZADO CRIMINAL",88138,
INHUMAS,"VARA CIVEL, INFANCIA E JUVENTUDE E JUIZADO ESPECIAL CIVEL",88139,
INHUMAS,VARA DAS FAZENDAS PUBLICAS E REGISTROS PUBLICOS E FAMILIA E SUCESSOES,88140,
INHUMAS,"VARA CRIMINAL (CRIME EM GERAL, CRIMES DOLOSOS CONTRA A VIDA E PRES. DO TRIB. DO JURI - EXECUCAO PENAL) E JUIZADO ESPECIAL CRIMINAL",88141,
ANAPOLIS,4o CEJUSC REGIONAL VIRTUAL DO INTERIOR,88215,
ITUMBIARA,5o CEJUSC REGIONAL VIRTUAL DO INTERIOR,88216,
JATAI,6o CEJUSC REGIONAL VIRTUAL DO INTERIOR,88217,
GOIANIA,1a VARA DAS GARANTIAS,88277,
GOIANIA,2a VARA DAS GARANTIAS,88278,
RIO VERDE,7o CEJUSC REGIONAL VIRTUAL DO INTERIOR,88291,
FORMOSA,8o CEJUSC REGIONAL VIRTUAL DO INTERIOR,88293,
CIDADE OCIDENTAL,9o CEJUSC REGIONAL VIRTUAL DO INTERIOR,88294,
GOIANIRA,VARA CIVEL,88358,
GOIANIRA,"VARA FAMILIA E SUCESSOES, DA INFANCIA E DA JUVENTUDE, FAZENDAS PUBLICAS E DE REGISTROS PUBLICOS",88359,
GOIANIA,NUCLEO DA JUSTICA 4.0 - FINALIZAR,88409,
LUZIANIA,10o CEJUSC REGIONAL VIRTUAL DO INTERIOR,88730,
GOIAS,11o CEJUSC REGIONAL VIRTUAL DO INTERIOR,88731,
CALDAS NOVAS,12o CEJUSC REGIONAL VIRTUAL DO INTERIOR,88732,
GOIANIA,15o CENTRO JUDICIARIO DE SOLUCAO DE CONFLITOS E CIDADANIA,88781,
CATALAO,13o CEJUSC REGIONAL VIRTUAL DO INTERIOR,89659,
PIRENOPOLIS,14o CEJUSC REGIONAL VIRTUAL DO INTERIOR,89660,
PORANGATU,15o CEJUSC REGIONAL VIRTUAL DO INTERIOR,89665,
GOIANIA,GABINETE DA CENTRAL DE CUMPRIMENTO DE SENTENCA CIVEL - JUIZ 1,89696,
GOIANIA,GABINETE DA CENTRAL DE CUMPRIMENTO DE SENTENCA CIVEL - JUIZ 2,89697,
GOIANIA,GABINETE DA CENTRAL DE CUMPRIMENTO DE SENTENCA CIVEL - JUIZ 3,89698,
VALPARAISO DE GOIAS,"4a VARA CIVEL, FAMILIA E SUCESSOES",89847,
GOIANIA,8a VARA DA FAZENDA PUBLICA ESTADUAL,89848,
GOIANIA,1o CEJUSC DOS PARCEIROS,90488,
GOIANIA,2o CEJUSC DOS PARCEIROS,90489,
GOIANIA,3o CEJUSC DOS PARCEIROS,90490,
